AmAcid,Codon,per_thou
Gly,GGG,16.47
Gly,GGA,16.47
Gly,GGT,10.75
Gly,GGC,22.22
Glu,GAG,39.59
Glu,GAA,28.96
Asp,GAT,21.78
Asp,GAC,25.1
Val,GTG,28.12
Val,GTA,7.08
Val,GTT,11.03
Val,GTC,14.46
Ala,GCG,7.37
Ala,GCA,15.82
Ala,GCT,18.45
Ala,GCC,27.73
Arg,AGG,11.96
Arg,AGA,12.17
Ser,AGT,12.13
Ser,AGC,19.46
Lys,AAG,31.86
Lys,AAA,24.44
Asn,AAT,16.96
Asn,AAC,19.1
Met,ATG,22.04
Ile,ATA,7.49
Ile,ATT,16
Ile,ATC,20.82
Thr,ACG,6.05
Thr,ACA,15.11
Thr,ACT,13.12
Thr,ACC,18.89
Trp,TGG,13.17
End,TGA,1.56
Cys,TGT,10.58
Cys,TGC,12.62
End,TAG,0.79
End,TAA,0.99
Tyr,TAT,12.19
Tyr,TAC,15.31
Leu,TTG,12.93
Leu,TTA,7.67
Phe,TTT,17.57
Phe,TTC,20.28
Ser,TCG,4.41
Ser,TCA,12.21
Ser,TCT,15.22
Ser,TCC,17.68
Arg,CGG,11.42
Arg,CGA,6.17
Arg,CGT,4.54
Arg,CGC,10.42
Gln,CAG,34.23
Gln,CAA,12.34
His,CAT,10.86
His,CAC,15.09
Leu,CTG,39.64
Leu,CTA,7.15
Leu,CTT,13.19
Leu,CTC,19.59
Pro,CCG,6.92
Pro,CCA,16.92
Pro,CCT,17.54
Pro,CCC,19.79